{"reward_sender": 0.23, "reward_receiver": 0.21, "social_welfare": 0.44, "prob_of_signaling_1_when_bad": 0.0008747357064373211, "prob_of_signaling_1_when_good": 0.9993810902157947, "prob_of_hiring_when_0": 0.005021781883865697, "prob_of_hiring_when_1": 0.922241848575794, "_timestamp": 1681394166, "_runtime": 3155, "_step": 118920000}