{"reward_sender": 0.51, "reward_receiver": -0.17, "social_welfare": 0.34, "prob_of_signaling_1_when_bad": 0.46448141994464176, "prob_of_signaling_1_when_good": 0.44612091559257283, "prob_of_hiring_when_0": 0.3503380347663229, "prob_of_hiring_when_1": 0.5785467661055648, "_timestamp": 1681394285, "_runtime": 8, "_step": 0}