{"reward_sender": 0.35, "reward_receiver": 0.01, "social_welfare": 0.36, "prob_of_signaling_1_when_bad": 0.44306097938214034, "prob_of_signaling_1_when_good": 0.9644909665592782, "prob_of_hiring_when_0": 0.032982771694101805, "prob_of_hiring_when_1": 0.7034976222725787, "_timestamp": 1681443131, "_runtime": 593, "_step": 56540000}