{"reward_sender": 0.29, "reward_receiver": 0.27, "social_welfare": 0.56, "prob_of_signaling_1_when_bad": 0.9989184768192156, "prob_of_signaling_1_when_good": 0.0033235030124307246, "prob_of_hiring_when_0": 0.9607543358073676, "prob_of_hiring_when_1": 0.016204493380425587, "_timestamp": 1681389630, "_runtime": 1223, "_step": 72480000}