{"reward_sender": 0.07, "reward_receiver": -0.01, "social_welfare": 0.06, "prob_of_signaling_1_when_bad": 0.6700944115172826, "prob_of_signaling_1_when_good": 0.7170419851490643, "prob_of_hiring_when_0": 0.06177861969659933, "prob_of_hiring_when_1": 0.053427345823773516, "_timestamp": 1681441111, "_runtime": 1147, "_step": 71360000}