{"reward_sender": 0.4, "reward_receiver": 0.4, "social_welfare": 0.8, "prob_of_signaling_1_when_bad": 3.0838194442161094e-05, "prob_of_signaling_1_when_good": 0.9999004955787598, "prob_of_hiring_when_0": 0.003140664011698158, "prob_of_hiring_when_1": 0.9935078139755233, "_timestamp": 1681388270, "_runtime": 5046, "_step": 149060000}